filename,object_location,image_small,image_thumb
pg_9_01_03.jpg,/objects/pg_9_01_03.jpg,/objects/small/pg_9_01_03_sm.jpg,/objects/thumbs/pg_9_01_03_th.jpg
pg_9_01_04h.jpg,/objects/pg_9_01_04h.jpg,/objects/small/pg_9_01_04h_sm.jpg,/objects/thumbs/pg_9_01_04h_th.jpg
pg_9_01_04h_b.jpg,/objects/pg_9_01_04h_b.jpg,/objects/small/pg_9_01_04h_b_sm.jpg,/objects/thumbs/pg_9_01_04h_b_th.jpg
pg_9_01_04i.jpg,/objects/pg_9_01_04i.jpg,/objects/small/pg_9_01_04i_sm.jpg,/objects/thumbs/pg_9_01_04i_th.jpg
pg_9_01_04i_b.jpg,/objects/pg_9_01_04i_b.jpg,/objects/small/pg_9_01_04i_b_sm.jpg,/objects/thumbs/pg_9_01_04i_b_th.jpg
pg_9_01_04j.jpg,/objects/pg_9_01_04j.jpg,/objects/small/pg_9_01_04j_sm.jpg,/objects/thumbs/pg_9_01_04j_th.jpg
pg_9_01_04j_b.jpg,/objects/pg_9_01_04j_b.jpg,/objects/small/pg_9_01_04j_b_sm.jpg,/objects/thumbs/pg_9_01_04j_b_th.jpg
pg_9_01_06d.jpg,/objects/pg_9_01_06d.jpg,/objects/small/pg_9_01_06d_sm.jpg,/objects/thumbs/pg_9_01_06d_th.jpg
pg_9_01_06d_b.jpg,/objects/pg_9_01_06d_b.jpg,/objects/small/pg_9_01_06d_b_sm.jpg,/objects/thumbs/pg_9_01_06d_b_th.jpg
pg_9_01_08b.jpg,/objects/pg_9_01_08b.jpg,/objects/small/pg_9_01_08b_sm.jpg,/objects/thumbs/pg_9_01_08b_th.jpg
pg_9_01_08t.jpg,/objects/pg_9_01_08t.jpg,/objects/small/pg_9_01_08t_sm.jpg,/objects/thumbs/pg_9_01_08t_th.jpg
pg_9_01_08t_b.jpg,/objects/pg_9_01_08t_b.jpg,/objects/small/pg_9_01_08t_b_sm.jpg,/objects/thumbs/pg_9_01_08t_b_th.jpg
pg_9_01_08u.jpg,/objects/pg_9_01_08u.jpg,/objects/small/pg_9_01_08u_sm.jpg,/objects/thumbs/pg_9_01_08u_th.jpg
pg_9_01_08u_b.jpg,/objects/pg_9_01_08u_b.jpg,/objects/small/pg_9_01_08u_b_sm.jpg,/objects/thumbs/pg_9_01_08u_b_th.jpg
pg_9_01_08y.jpg,/objects/pg_9_01_08y.jpg,/objects/small/pg_9_01_08y_sm.jpg,/objects/thumbs/pg_9_01_08y_th.jpg
pg_9_01_08y_b.jpg,/objects/pg_9_01_08y_b.jpg,/objects/small/pg_9_01_08y_b_sm.jpg,/objects/thumbs/pg_9_01_08y_b_th.jpg
pg_9_01_09.jpg,/objects/pg_9_01_09.jpg,/objects/small/pg_9_01_09_sm.jpg,/objects/thumbs/pg_9_01_09_th.jpg
pg_9_01_10a.jpg,/objects/pg_9_01_10a.jpg,/objects/small/pg_9_01_10a_sm.jpg,/objects/thumbs/pg_9_01_10a_th.jpg
pg_9_01_10a_b.jpg,/objects/pg_9_01_10a_b.jpg,/objects/small/pg_9_01_10a_b_sm.jpg,/objects/thumbs/pg_9_01_10a_b_th.jpg
pg_9_01_12c.jpg,/objects/pg_9_01_12c.jpg,/objects/small/pg_9_01_12c_sm.jpg,/objects/thumbs/pg_9_01_12c_th.jpg
pg_9_01_12c_b.jpg,/objects/pg_9_01_12c_b.jpg,/objects/small/pg_9_01_12c_b_sm.jpg,/objects/thumbs/pg_9_01_12c_b_th.jpg
pg_9_01_19a.jpg,/objects/pg_9_01_19a.jpg,/objects/small/pg_9_01_19a_sm.jpg,/objects/thumbs/pg_9_01_19a_th.jpg
pg_9_01_19a_b.jpg,/objects/pg_9_01_19a_b.jpg,/objects/small/pg_9_01_19a_b_sm.jpg,/objects/thumbs/pg_9_01_19a_b_th.jpg
pg_9_01_20a.jpg,/objects/pg_9_01_20a.jpg,/objects/small/pg_9_01_20a_sm.jpg,/objects/thumbs/pg_9_01_20a_th.jpg
pg_9_01_20a_b.jpg,/objects/pg_9_01_20a_b.jpg,/objects/small/pg_9_01_20a_b_sm.jpg,/objects/thumbs/pg_9_01_20a_b_th.jpg
pg_9_01_21a.jpg,/objects/pg_9_01_21a.jpg,/objects/small/pg_9_01_21a_sm.jpg,/objects/thumbs/pg_9_01_21a_th.jpg
pg_9_01_21a_b.jpg,/objects/pg_9_01_21a_b.jpg,/objects/small/pg_9_01_21a_b_sm.jpg,/objects/thumbs/pg_9_01_21a_b_th.jpg
pg_9_01_30a.jpg,/objects/pg_9_01_30a.jpg,/objects/small/pg_9_01_30a_sm.jpg,/objects/thumbs/pg_9_01_30a_th.jpg
pg_9_01_30a_b.jpg,/objects/pg_9_01_30a_b.jpg,/objects/small/pg_9_01_30a_b_sm.jpg,/objects/thumbs/pg_9_01_30a_b_th.jpg
pg_9_01_30b.jpg,/objects/pg_9_01_30b.jpg,/objects/small/pg_9_01_30b_sm.jpg,/objects/thumbs/pg_9_01_30b_th.jpg
pg_9_01_30b_b.jpg,/objects/pg_9_01_30b_b.jpg,/objects/small/pg_9_01_30b_b_sm.jpg,/objects/thumbs/pg_9_01_30b_b_th.jpg
pg_9_02_01.jpg,/objects/pg_9_02_01.jpg,/objects/small/pg_9_02_01_sm.jpg,/objects/thumbs/pg_9_02_01_th.jpg
pg_9_03_04.jpg,/objects/pg_9_03_04.jpg,/objects/small/pg_9_03_04_sm.jpg,/objects/thumbs/pg_9_03_04_th.jpg
pg_9_05_02b.jpg,/objects/pg_9_05_02b.jpg,/objects/small/pg_9_05_02b_sm.jpg,/objects/thumbs/pg_9_05_02b_th.jpg
pg_9_05_02b_b.jpg,/objects/pg_9_05_02b_b.jpg,/objects/small/pg_9_05_02b_b_sm.jpg,/objects/thumbs/pg_9_05_02b_b_th.jpg
pg_9_06_03a.jpg,/objects/pg_9_06_03a.jpg,/objects/small/pg_9_06_03a_sm.jpg,/objects/thumbs/pg_9_06_03a_th.jpg
pg_9_06_04b.jpg,/objects/pg_9_06_04b.jpg,/objects/small/pg_9_06_04b_sm.jpg,/objects/thumbs/pg_9_06_04b_th.jpg
pg_9_06_08f.jpg,/objects/pg_9_06_08f.jpg,/objects/small/pg_9_06_08f_sm.jpg,/objects/thumbs/pg_9_06_08f_th.jpg
pg_9_06_08f_b.jpg,/objects/pg_9_06_08f_b.jpg,/objects/small/pg_9_06_08f_b_sm.jpg,/objects/thumbs/pg_9_06_08f_b_th.jpg
pg_9_06_09a.jpg,/objects/pg_9_06_09a.jpg,/objects/small/pg_9_06_09a_sm.jpg,/objects/thumbs/pg_9_06_09a_th.jpg
pg_9_06_09a_b.jpg,/objects/pg_9_06_09a_b.jpg,/objects/small/pg_9_06_09a_b_sm.jpg,/objects/thumbs/pg_9_06_09a_b_th.jpg
pg_9_06_15b.jpg,/objects/pg_9_06_15b.jpg,/objects/small/pg_9_06_15b_sm.jpg,/objects/thumbs/pg_9_06_15b_th.jpg
pg_9_06_15b_b.jpg,/objects/pg_9_06_15b_b.jpg,/objects/small/pg_9_06_15b_b_sm.jpg,/objects/thumbs/pg_9_06_15b_b_th.jpg
pg_9_06_17a.jpg,/objects/pg_9_06_17a.jpg,/objects/small/pg_9_06_17a_sm.jpg,/objects/thumbs/pg_9_06_17a_th.jpg
pg_9_06_17a_b.jpg,/objects/pg_9_06_17a_b.jpg,/objects/small/pg_9_06_17a_b_sm.jpg,/objects/thumbs/pg_9_06_17a_b_th.jpg
pg_9_06_18a.jpg,/objects/pg_9_06_18a.jpg,/objects/small/pg_9_06_18a_sm.jpg,/objects/thumbs/pg_9_06_18a_th.jpg
pg_9_06_18a_b.jpg,/objects/pg_9_06_18a_b.jpg,/objects/small/pg_9_06_18a_b_sm.jpg,/objects/thumbs/pg_9_06_18a_b_th.jpg
pg_9_08_01.jpg,/objects/pg_9_08_01.jpg,/objects/small/pg_9_08_01_sm.jpg,/objects/thumbs/pg_9_08_01_th.jpg
pg_9_09_07b.jpg,/objects/pg_9_09_07b.jpg,/objects/small/pg_9_09_07b_sm.jpg,/objects/thumbs/pg_9_09_07b_th.jpg
pg_9_09_07b_b.jpg,/objects/pg_9_09_07b_b.jpg,/objects/small/pg_9_09_07b_b_sm.jpg,/objects/thumbs/pg_9_09_07b_b_th.jpg
pg_9_09_08a.jpg,/objects/pg_9_09_08a.jpg,/objects/small/pg_9_09_08a_sm.jpg,/objects/thumbs/pg_9_09_08a_th.jpg
pg_9_09_08a_b.jpg,/objects/pg_9_09_08a_b.jpg,/objects/small/pg_9_09_08a_b_sm.jpg,/objects/thumbs/pg_9_09_08a_b_th.jpg
pg_9_09_09a.jpg,/objects/pg_9_09_09a.jpg,/objects/small/pg_9_09_09a_sm.jpg,/objects/thumbs/pg_9_09_09a_th.jpg
pg_9_09_09a_b.jpg,/objects/pg_9_09_09a_b.jpg,/objects/small/pg_9_09_09a_b_sm.jpg,/objects/thumbs/pg_9_09_09a_b_th.jpg
pg_9_09_11a.jpg,/objects/pg_9_09_11a.jpg,/objects/small/pg_9_09_11a_sm.jpg,/objects/thumbs/pg_9_09_11a_th.jpg
pg_9_09_11a_b.jpg,/objects/pg_9_09_11a_b.jpg,/objects/small/pg_9_09_11a_b_sm.jpg,/objects/thumbs/pg_9_09_11a_b_th.jpg
pg_9_09_13a.jpg,/objects/pg_9_09_13a.jpg,/objects/small/pg_9_09_13a_sm.jpg,/objects/thumbs/pg_9_09_13a_th.jpg
pg_9_09_13a_b.jpg,/objects/pg_9_09_13a_b.jpg,/objects/small/pg_9_09_13a_b_sm.jpg,/objects/thumbs/pg_9_09_13a_b_th.jpg
pg_9_09_14a.jpg,/objects/pg_9_09_14a.jpg,/objects/small/pg_9_09_14a_sm.jpg,/objects/thumbs/pg_9_09_14a_th.jpg
pg_9_09_14a_b.jpg,/objects/pg_9_09_14a_b.jpg,/objects/small/pg_9_09_14a_b_sm.jpg,/objects/thumbs/pg_9_09_14a_b_th.jpg
pg_9_10_03.jpg,/objects/pg_9_10_03.jpg,/objects/small/pg_9_10_03_sm.jpg,/objects/thumbs/pg_9_10_03_th.jpg
pg_9_10_03_b.jpg,/objects/pg_9_10_03_b.jpg,/objects/small/pg_9_10_03_b_sm.jpg,/objects/thumbs/pg_9_10_03_b_th.jpg
pg_9_10_06.jpg,/objects/pg_9_10_06.jpg,/objects/small/pg_9_10_06_sm.jpg,/objects/thumbs/pg_9_10_06_th.jpg
pg_9_10_06_b.jpg,/objects/pg_9_10_06_b.jpg,/objects/small/pg_9_10_06_b_sm.jpg,/objects/thumbs/pg_9_10_06_b_th.jpg
pg_9_11_01a.jpg,/objects/pg_9_11_01a.jpg,/objects/small/pg_9_11_01a_sm.jpg,/objects/thumbs/pg_9_11_01a_th.jpg
pg_9_12_01bi.jpg,/objects/pg_9_12_01bi.jpg,/objects/small/pg_9_12_01bi_sm.jpg,/objects/thumbs/pg_9_12_01bi_th.jpg
pg_9_12_01bi_b.jpg,/objects/pg_9_12_01bi_b.jpg,/objects/small/pg_9_12_01bi_b_sm.jpg,/objects/thumbs/pg_9_12_01bi_b_th.jpg
pg_9_12_01bq.jpg,/objects/pg_9_12_01bq.jpg,/objects/small/pg_9_12_01bq_sm.jpg,/objects/thumbs/pg_9_12_01bq_th.jpg
pg_9_12_01bq_b.jpg,/objects/pg_9_12_01bq_b.jpg,/objects/small/pg_9_12_01bq_b_sm.jpg,/objects/thumbs/pg_9_12_01bq_b_th.jpg
pg_9_12_01bs.jpg,/objects/pg_9_12_01bs.jpg,/objects/small/pg_9_12_01bs_sm.jpg,/objects/thumbs/pg_9_12_01bs_th.jpg
pg_9_12_01bs_b.jpg,/objects/pg_9_12_01bs_b.jpg,/objects/small/pg_9_12_01bs_b_sm.jpg,/objects/thumbs/pg_9_12_01bs_b_th.jpg
pg_9_12_01bt.jpg,/objects/pg_9_12_01bt.jpg,/objects/small/pg_9_12_01bt_sm.jpg,/objects/thumbs/pg_9_12_01bt_th.jpg
pg_9_12_01bt_b.jpg,/objects/pg_9_12_01bt_b.jpg,/objects/small/pg_9_12_01bt_b_sm.jpg,/objects/thumbs/pg_9_12_01bt_b_th.jpg
pg_9_12_01j.jpg,/objects/pg_9_12_01j.jpg,/objects/small/pg_9_12_01j_sm.jpg,/objects/thumbs/pg_9_12_01j_th.jpg
pg_9_12_01k.jpg,/objects/pg_9_12_01k.jpg,/objects/small/pg_9_12_01k_sm.jpg,/objects/thumbs/pg_9_12_01k_th.jpg
pg_9_12_01l.jpg,/objects/pg_9_12_01l.jpg,/objects/small/pg_9_12_01l_sm.jpg,/objects/thumbs/pg_9_12_01l_th.jpg
pg_9_12_01l_b.jpg,/objects/pg_9_12_01l_b.jpg,/objects/small/pg_9_12_01l_b_sm.jpg,/objects/thumbs/pg_9_12_01l_b_th.jpg
pg_9_12_01m.jpg,/objects/pg_9_12_01m.jpg,/objects/small/pg_9_12_01m_sm.jpg,/objects/thumbs/pg_9_12_01m_th.jpg
pg_9_12_01m_b.jpg,/objects/pg_9_12_01m_b.jpg,/objects/small/pg_9_12_01m_b_sm.jpg,/objects/thumbs/pg_9_12_01m_b_th.jpg
pg_9_14_01.jpg,/objects/pg_9_14_01.jpg,/objects/small/pg_9_14_01_sm.jpg,/objects/thumbs/pg_9_14_01_th.jpg
pg_9_14_02.jpg,/objects/pg_9_14_02.jpg,/objects/small/pg_9_14_02_sm.jpg,/objects/thumbs/pg_9_14_02_th.jpg
pg_9_14_12a.jpg,/objects/pg_9_14_12a.jpg,/objects/small/pg_9_14_12a_sm.jpg,/objects/thumbs/pg_9_14_12a_th.jpg
pg_9_14_12a_b.jpg,/objects/pg_9_14_12a_b.jpg,/objects/small/pg_9_14_12a_b_sm.jpg,/objects/thumbs/pg_9_14_12a_b_th.jpg
pg_9_16_01.jpg,/objects/pg_9_16_01.jpg,/objects/small/pg_9_16_01_sm.jpg,/objects/thumbs/pg_9_16_01_th.jpg
pg_9_16_01a.jpg,/objects/pg_9_16_01a.jpg,/objects/small/pg_9_16_01a_sm.jpg,/objects/thumbs/pg_9_16_01a_th.jpg
pg_9_16_01a_b.jpg,/objects/pg_9_16_01a_b.jpg,/objects/small/pg_9_16_01a_b_sm.jpg,/objects/thumbs/pg_9_16_01a_b_th.jpg
pg_9_16_01b.jpg,/objects/pg_9_16_01b.jpg,/objects/small/pg_9_16_01b_sm.jpg,/objects/thumbs/pg_9_16_01b_th.jpg
pg_9_16_01b_b.jpg,/objects/pg_9_16_01b_b.jpg,/objects/small/pg_9_16_01b_b_sm.jpg,/objects/thumbs/pg_9_16_01b_b_th.jpg
pg_9_17_02.jpg,/objects/pg_9_17_02.jpg,/objects/small/pg_9_17_02_sm.jpg,/objects/thumbs/pg_9_17_02_th.jpg
pg_9_17_05a.jpg,/objects/pg_9_17_05a.jpg,/objects/small/pg_9_17_05a_sm.jpg,/objects/thumbs/pg_9_17_05a_th.jpg
pg_9_17_06a.jpg,/objects/pg_9_17_06a.jpg,/objects/small/pg_9_17_06a_sm.jpg,/objects/thumbs/pg_9_17_06a_th.jpg
pg_9_17_06a_b.jpg,/objects/pg_9_17_06a_b.jpg,/objects/small/pg_9_17_06a_b_sm.jpg,/objects/thumbs/pg_9_17_06a_b_th.jpg
pg_9_17_08a.jpg,/objects/pg_9_17_08a.jpg,/objects/small/pg_9_17_08a_sm.jpg,/objects/thumbs/pg_9_17_08a_th.jpg
pg_9_17_08a_b.jpg,/objects/pg_9_17_08a_b.jpg,/objects/small/pg_9_17_08a_b_sm.jpg,/objects/thumbs/pg_9_17_08a_b_th.jpg
pg_9_17_13a.jpg,/objects/pg_9_17_13a.jpg,/objects/small/pg_9_17_13a_sm.jpg,/objects/thumbs/pg_9_17_13a_th.jpg
pg_9_17_15a.jpg,/objects/pg_9_17_15a.jpg,/objects/small/pg_9_17_15a_sm.jpg,/objects/thumbs/pg_9_17_15a_th.jpg
pg_9_19_01.jpg,/objects/pg_9_19_01.jpg,/objects/small/pg_9_19_01_sm.jpg,/objects/thumbs/pg_9_19_01_th.jpg
pg_9_19_02a.jpg,/objects/pg_9_19_02a.jpg,/objects/small/pg_9_19_02a_sm.jpg,/objects/thumbs/pg_9_19_02a_th.jpg
pg_9_200_01.jpg,/objects/pg_9_200_01.jpg,/objects/small/pg_9_200_01_sm.jpg,/objects/thumbs/pg_9_200_01_th.jpg
pg_9_201_01.jpg,/objects/pg_9_201_01.jpg,/objects/small/pg_9_201_01_sm.jpg,/objects/thumbs/pg_9_201_01_th.jpg
pg_9_20_01b.jpg,/objects/pg_9_20_01b.jpg,/objects/small/pg_9_20_01b_sm.jpg,/objects/thumbs/pg_9_20_01b_th.jpg
pg_9_20_01g.jpg,/objects/pg_9_20_01g.jpg,/objects/small/pg_9_20_01g_sm.jpg,/objects/thumbs/pg_9_20_01g_th.jpg
pg_9_21_01a.jpg,/objects/pg_9_21_01a.jpg,/objects/small/pg_9_21_01a_sm.jpg,/objects/thumbs/pg_9_21_01a_th.jpg
pg_9_21_01a_b.jpg,/objects/pg_9_21_01a_b.jpg,/objects/small/pg_9_21_01a_b_sm.jpg,/objects/thumbs/pg_9_21_01a_b_th.jpg
pg_9_21_02a.jpg,/objects/pg_9_21_02a.jpg,/objects/small/pg_9_21_02a_sm.jpg,/objects/thumbs/pg_9_21_02a_th.jpg
pg_9_21_03a.jpg,/objects/pg_9_21_03a.jpg,/objects/small/pg_9_21_03a_sm.jpg,/objects/thumbs/pg_9_21_03a_th.jpg
pg_9_22_01.jpg,/objects/pg_9_22_01.jpg,/objects/small/pg_9_22_01_sm.jpg,/objects/thumbs/pg_9_22_01_th.jpg
pg_9_22_02.jpg,/objects/pg_9_22_02.jpg,/objects/small/pg_9_22_02_sm.jpg,/objects/thumbs/pg_9_22_02_th.jpg
pg_9_24_02a.jpg,/objects/pg_9_24_02a.jpg,/objects/small/pg_9_24_02a_sm.jpg,/objects/thumbs/pg_9_24_02a_th.jpg
pg_9_25_04.jpg,/objects/pg_9_25_04.jpg,/objects/small/pg_9_25_04_sm.jpg,/objects/thumbs/pg_9_25_04_th.jpg
pg_9_25_05.jpg,/objects/pg_9_25_05.jpg,/objects/small/pg_9_25_05_sm.jpg,/objects/thumbs/pg_9_25_05_th.jpg
pg_9_25_07.jpg,/objects/pg_9_25_07.jpg,/objects/small/pg_9_25_07_sm.jpg,/objects/thumbs/pg_9_25_07_th.jpg
pg_9_25_09.jpg,/objects/pg_9_25_09.jpg,/objects/small/pg_9_25_09_sm.jpg,/objects/thumbs/pg_9_25_09_th.jpg
pg_9_25_12.jpg,/objects/pg_9_25_12.jpg,/objects/small/pg_9_25_12_sm.jpg,/objects/thumbs/pg_9_25_12_th.jpg
pg_9_26_01.jpg,/objects/pg_9_26_01.jpg,/objects/small/pg_9_26_01_sm.jpg,/objects/thumbs/pg_9_26_01_th.jpg
pg_9_29_02d.jpg,/objects/pg_9_29_02d.jpg,/objects/small/pg_9_29_02d_sm.jpg,/objects/thumbs/pg_9_29_02d_th.jpg
pg_9_29_02e.jpg,/objects/pg_9_29_02e.jpg,/objects/small/pg_9_29_02e_sm.jpg,/objects/thumbs/pg_9_29_02e_th.jpg
pg_9_30_01.jpg,/objects/pg_9_30_01.jpg,/objects/small/pg_9_30_01_sm.jpg,/objects/thumbs/pg_9_30_01_th.jpg
pg_9_324_01a.jpg,/objects/pg_9_324_01a.jpg,/objects/small/pg_9_324_01a_sm.jpg,/objects/thumbs/pg_9_324_01a_th.jpg
pg_9_327_02.jpg,/objects/pg_9_327_02.jpg,/objects/small/pg_9_327_02_sm.jpg,/objects/thumbs/pg_9_327_02_th.jpg
pg_9_327_03.jpg,/objects/pg_9_327_03.jpg,/objects/small/pg_9_327_03_sm.jpg,/objects/thumbs/pg_9_327_03_th.jpg
pg_9_327_04.jpg,/objects/pg_9_327_04.jpg,/objects/small/pg_9_327_04_sm.jpg,/objects/thumbs/pg_9_327_04_th.jpg
pg_9_327_05.jpg,/objects/pg_9_327_05.jpg,/objects/small/pg_9_327_05_sm.jpg,/objects/thumbs/pg_9_327_05_th.jpg
pg_9_327_06.jpg,/objects/pg_9_327_06.jpg,/objects/small/pg_9_327_06_sm.jpg,/objects/thumbs/pg_9_327_06_th.jpg
pg_9_327_07.jpg,/objects/pg_9_327_07.jpg,/objects/small/pg_9_327_07_sm.jpg,/objects/thumbs/pg_9_327_07_th.jpg
pg_9_327_08.jpg,/objects/pg_9_327_08.jpg,/objects/small/pg_9_327_08_sm.jpg,/objects/thumbs/pg_9_327_08_th.jpg
pg_9_327_10.jpg,/objects/pg_9_327_10.jpg,/objects/small/pg_9_327_10_sm.jpg,/objects/thumbs/pg_9_327_10_th.jpg
pg_9_59_01.jpg,/objects/pg_9_59_01.jpg,/objects/small/pg_9_59_01_sm.jpg,/objects/thumbs/pg_9_59_01_th.jpg
pg_9_75_01b.jpg,/objects/pg_9_75_01b.jpg,/objects/small/pg_9_75_01b_sm.jpg,/objects/thumbs/pg_9_75_01b_th.jpg
pg_9_76_02.jpg,/objects/pg_9_76_02.jpg,/objects/small/pg_9_76_02_sm.jpg,/objects/thumbs/pg_9_76_02_th.jpg
pg_9_93_01a.jpg,/objects/pg_9_93_01a.jpg,/objects/small/pg_9_93_01a_sm.jpg,/objects/thumbs/pg_9_93_01a_th.jpg
postcard_023.jpg,/objects/postcard_023.jpg,/objects/small/postcard_023_sm.jpg,/objects/thumbs/postcard_023_th.jpg
postcard_023b.jpg,/objects/postcard_023b.jpg,/objects/small/postcard_023b_sm.jpg,/objects/thumbs/postcard_023b_th.jpg
postcard_024.jpg,/objects/postcard_024.jpg,/objects/small/postcard_024_sm.jpg,/objects/thumbs/postcard_024_th.jpg
postcard_024b.jpg,/objects/postcard_024b.jpg,/objects/small/postcard_024b_sm.jpg,/objects/thumbs/postcard_024b_th.jpg
postcard_026.jpg,/objects/postcard_026.jpg,/objects/small/postcard_026_sm.jpg,/objects/thumbs/postcard_026_th.jpg
postcard_026b.jpg,/objects/postcard_026b.jpg,/objects/small/postcard_026b_sm.jpg,/objects/thumbs/postcard_026b_th.jpg
postcard_028.jpg,/objects/postcard_028.jpg,/objects/small/postcard_028_sm.jpg,/objects/thumbs/postcard_028_th.jpg
postcard_028b.jpg,/objects/postcard_028b.jpg,/objects/small/postcard_028b_sm.jpg,/objects/thumbs/postcard_028b_th.jpg
postcard_030.jpg,/objects/postcard_030.jpg,/objects/small/postcard_030_sm.jpg,/objects/thumbs/postcard_030_th.jpg
postcard_030b.jpg,/objects/postcard_030b.jpg,/objects/small/postcard_030b_sm.jpg,/objects/thumbs/postcard_030b_th.jpg
postcard_032.jpg,/objects/postcard_032.jpg,/objects/small/postcard_032_sm.jpg,/objects/thumbs/postcard_032_th.jpg
postcard_032b.jpg,/objects/postcard_032b.jpg,/objects/small/postcard_032b_sm.jpg,/objects/thumbs/postcard_032b_th.jpg
postcard_038.jpg,/objects/postcard_038.jpg,/objects/small/postcard_038_sm.jpg,/objects/thumbs/postcard_038_th.jpg
postcard_038b.jpg,/objects/postcard_038b.jpg,/objects/small/postcard_038b_sm.jpg,/objects/thumbs/postcard_038b_th.jpg
postcard_040.jpg,/objects/postcard_040.jpg,/objects/small/postcard_040_sm.jpg,/objects/thumbs/postcard_040_th.jpg
postcard_040b.jpg,/objects/postcard_040b.jpg,/objects/small/postcard_040b_sm.jpg,/objects/thumbs/postcard_040b_th.jpg
postcard_041.jpg,/objects/postcard_041.jpg,/objects/small/postcard_041_sm.jpg,/objects/thumbs/postcard_041_th.jpg
postcard_041b.jpg,/objects/postcard_041b.jpg,/objects/small/postcard_041b_sm.jpg,/objects/thumbs/postcard_041b_th.jpg
postcard_042.jpg,/objects/postcard_042.jpg,/objects/small/postcard_042_sm.jpg,/objects/thumbs/postcard_042_th.jpg
postcard_042b.jpg,/objects/postcard_042b.jpg,/objects/small/postcard_042b_sm.jpg,/objects/thumbs/postcard_042b_th.jpg
postcard_043.jpg,/objects/postcard_043.jpg,/objects/small/postcard_043_sm.jpg,/objects/thumbs/postcard_043_th.jpg
postcard_043b.jpg,/objects/postcard_043b.jpg,/objects/small/postcard_043b_sm.jpg,/objects/thumbs/postcard_043b_th.jpg
postcard_044.jpg,/objects/postcard_044.jpg,/objects/small/postcard_044_sm.jpg,/objects/thumbs/postcard_044_th.jpg
postcard_044b.jpg,/objects/postcard_044b.jpg,/objects/small/postcard_044b_sm.jpg,/objects/thumbs/postcard_044b_th.jpg
postcard_045.jpg,/objects/postcard_045.jpg,/objects/small/postcard_045_sm.jpg,/objects/thumbs/postcard_045_th.jpg
postcard_045b.jpg,/objects/postcard_045b.jpg,/objects/small/postcard_045b_sm.jpg,/objects/thumbs/postcard_045b_th.jpg
postcard_053.jpg,/objects/postcard_053.jpg,/objects/small/postcard_053_sm.jpg,/objects/thumbs/postcard_053_th.jpg
postcard_053b.jpg,/objects/postcard_053b.jpg,/objects/small/postcard_053b_sm.jpg,/objects/thumbs/postcard_053b_th.jpg
postcard_054.jpg,/objects/postcard_054.jpg,/objects/small/postcard_054_sm.jpg,/objects/thumbs/postcard_054_th.jpg
postcard_054b.jpg,/objects/postcard_054b.jpg,/objects/small/postcard_054b_sm.jpg,/objects/thumbs/postcard_054b_th.jpg
postcard_055.jpg,/objects/postcard_055.jpg,/objects/small/postcard_055_sm.jpg,/objects/thumbs/postcard_055_th.jpg
postcard_055b.jpg,/objects/postcard_055b.jpg,/objects/small/postcard_055b_sm.jpg,/objects/thumbs/postcard_055b_th.jpg
postcard_056.jpg,/objects/postcard_056.jpg,/objects/small/postcard_056_sm.jpg,/objects/thumbs/postcard_056_th.jpg
postcard_056b.jpg,/objects/postcard_056b.jpg,/objects/small/postcard_056b_sm.jpg,/objects/thumbs/postcard_056b_th.jpg
postcard_060.jpg,/objects/postcard_060.jpg,/objects/small/postcard_060_sm.jpg,/objects/thumbs/postcard_060_th.jpg
postcard_060b.jpg,/objects/postcard_060b.jpg,/objects/small/postcard_060b_sm.jpg,/objects/thumbs/postcard_060b_th.jpg
postcard_061.jpg,/objects/postcard_061.jpg,/objects/small/postcard_061_sm.jpg,/objects/thumbs/postcard_061_th.jpg
postcard_061b.jpg,/objects/postcard_061b.jpg,/objects/small/postcard_061b_sm.jpg,/objects/thumbs/postcard_061b_th.jpg
postcard_062.jpg,/objects/postcard_062.jpg,/objects/small/postcard_062_sm.jpg,/objects/thumbs/postcard_062_th.jpg
postcard_062b.jpg,/objects/postcard_062b.jpg,/objects/small/postcard_062b_sm.jpg,/objects/thumbs/postcard_062b_th.jpg
